515864932,"uploaded/2022/01/event/17998/userdata/10000000_199353869697148_3294516673659039808_n.mp4"
515864932,"uploaded/2022/01/event/18006/userdata/10000000_199353869697148_3294516673659039808_n.mp4"
515864932,"uploaded/2022/01/event/18007/userdata/10000000_199353869697148_3294516673659039808_n.mp4"
515864932,"uploaded/2022/02/event/18328/userdata/10000000_199353869697148_3294516673659039808_n.mp4"
515864932,"uploaded/2022/09/event/21960/userdata/10000000_199353869697148_3294516673659039808_n.mp4"
515864932,"uploaded/2022/09/event/21961/userdata/10000000_199353869697148_3294516673659039808_n.mp4"
515864932,"uploaded/2022/09/event/21964/userdata/10000000_199353869697148_3294516673659039808_n.mp4"
515864932,"uploaded/2022/09/event/21965/userdata/10000000_199353869697148_3294516673659039808_n.mp4"
515864932,"uploaded/2022/10/event/22847/userdata/10000000_199353869697148_3294516673659039808_n.mp4"
515864932,"uploaded/2022/11/event/23320/userdata/10000000_199353869697148_3294516673659039808_n.mp4"
515864932,"uploaded/2023/04/event/25792/userdata/10000000_199353869697148_3294516673659039808_n.mp4"
515864932,"uploaded/2023/04/event/26120/userdata/10000000_199353869697148_3294516673659039808_n.mp4"
515864932,"uploaded/2023/09/event/28529/userdata/10000000_199353869697148_3294516673659039808_n.mp4"
515590538,"uploaded/2023/02/event/25118/userdata/10000000_3438500546407151_5468668818506942761_n.mp4"
515387677,"uploaded/2023/02/event/24853/userdata/10000000_3629052957418099_8498521592378722032_n.mp4"
515345801,"uploaded/2022/10/event/22300/userdata/10000000_694200492002997_3369746494488581032_n.mp4"
515052278,"uploaded/2022/11/event/23038/userdata/10000000_1314346392504911_1633834611577269475_n.mp4"
514546561,"uploaded/2022/10/event/22346/userdata/10000000_1381060206146464_3443650973543974482_n.mp4"
513822141,"uploaded/2022/12/event/24100/userdata/10000000_734612381565159_8819165183123513361_n.mp4"
513723433,"uploaded/2023/01/event/24595/userdata/10000000_132278666336529_1563635210955496555_n.mp4"
513723433,"uploaded/2023/02/event/24740/userdata/10000000_132278666336529_1563635210955496555_n.mp4"
510959073,"uploaded/2023/03/event/25268/userdata/10000000_908271313738012_4133640060988182321_n.mp4"
510738309,"uploaded/2018/10/event/6123/userdata/10000000_220990867147224_5370866215055648562_n.mp4"
